branch,channel,customers,sales,avg_per_customer,sales_share_within_branch,customer_share_within_branch
Conut - Tyre,DELIVERY,79.0,196978675.52,2493400.96,0.03848,0.025345
Conut - Tyre,TAKE AWAY,3038.0,4921979478.71,1620138.08,0.96152,0.974655
Conut,DELIVERY,6.0,9745702.7,1624283.79,0.00251,0.002187
Conut,TABLE,2609.0,3679878143.15,1410455.4,0.94787,0.950802
Conut,TAKE AWAY,129.0,192635553.8,1493298.87,0.049619,0.047012
Conut Jnah,TABLE,5045.0,5669069616.74,1123700.62,1.0,1.0
Main Street Coffee,TABLE,3640.0,5271762462.21,1448286.39,1.0,1.0
